ano,id_municipio,pib
2021,3501707,1230444000
2021,3507704,120687000
2021,3508504,5214553000
2021,3510005,1518347000
2021,3512100,373219000
2021,3515806,42156000
2021,3521200,63459000
2021,3522604,4756331000
2021,3524402,16080494000
2021,3526704,4101867000
2021,3530201,606917000
2021,3532504,276248000
2021,3539103,826672000
2021,3540705,2495873000
2021,3546009,312819000
2021,3546801,1658733000
2021,3548401,80653000
2021,3550001,204219000
2021,3557105,3862540000
2021,3500501,585604000
2021,3511904,186411000
2021,3520004,381185000
2021,3524600,531089000
2021,3532702,95892000
2021,3533007,512829000
2021,3534203,640841000
2021,3539509,1389561000
2021,3544509,102857000
2021,3550100,1340317000
2021,3552403,16179892000
2021,3503406,227079000
2021,3506508,3947388000
2021,3507159,63857000
2021,3508108,627565000
2021,3510906,293111000
2021,3512704,345026000
2021,3515129,79175000
2021,3521150,124259000
2021,3526407,1411101000
2021,3529658,81615000
2021,3537008,1731364000
2021,3540507,233734000
2021,3548005,1870734000
2021,3549300,58493000
2021,3552106,1120219000
2021,3553401,1323570000
2021,3504800,278642000
2021,3511706,515123000
2021,3514304,802299000
2021,3514601,342332000
2021,3526308,73967000
2021,3540754,308459000
2021,3540853,40969000
2021,3547403,68135000
2021,3550308,828980747000
2021,3551306,417499000
2021,3556008,483325000
2021,3502408,105621000
2021,3506300,377950000
2021,3520400,13956618000
2021,3525409,168937000
2021,3532306,93391000
2021,3553005,343428000
2021,3553658,46862000
2021,3553856,367324000
2021,3507803,894831000
2021,3509452,151087000
2021,3510708,321120000
2021,3513603,326362000
2021,3515301,62446000
2021,3516002,264841000
2021,3520707,111103000
2021,3523206,1182424000
2021,3526001,807879000
2021,3528601,291908000
2021,3529609,393842000
2021,3530003,70362000
2021,3535705,275313000
2021,3548500,24090173000
2021,3552601,287137000
2021,3554607,66301000
2021,3511300,533104000
2021,3512308,432993000
2021,3515400,473712000
2021,3520442,706075000
2021,3523305,438980000
2021,3527306,19677151000
2021,3530904,124517000
2021,3531407,766600000
2021,3540200,1462865000
2021,3549607,63347000
2021,3550902,501327000
2021,3551009,6121259000
2021,3552809,10291072000
2021,3500907,112274000
2021,3501152,3982313000
2021,3505351,133738000
2021,3508207,244488000
2021,3509304,170916000
2021,3513207,346566000
2021,3518107,196319000
2021,3521002,969694000
2021,3535309,900627000
2021,3538907,540058000
2021,3541703,821159000
2021,3543402,39955306000
2021,3549250,51478000
2021,3553609,301185000
2021,3553955,897036000
2021,3511409,956914000
2021,3512506,218777000
2021,3523008,104628000
2021,3528858,119694000
2021,3543907,13245336000
2021,3551702,7109022000
2021,3554102,16199986000
2021,3554904,122036000
2021,3502002,208314000
2021,3504503,3278922000
2021,3515186,2065824000
2021,3517406,2704845000
2021,3522208,4909299000
2021,3525003,4908360000
2021,3530607,19604517000
2021,3534302,2579406000
2021,3536505,52389437000
2021,3541307,1325522000
2021,3541604,2115365000
2021,3542602,2357409000
2021,3546702,3895818000
2021,3548054,289678000
2021,3502903,1205884000
2021,3513900,491457000
2021,3514908,1004655000
2021,3525805,58843000
2021,3532207,639076000
2021,3533304,60214000
2021,3537503,317964000
2021,3543006,595499000
2021,3543253,116992000
2021,3510302,392354000
2021,3519253,168922000
2021,3523107,9519618000
2021,3538105,498801000
2021,3554755,44920000
2021,3555505,114468000
2021,3556800,443704000
2021,3505302,1515653000
2021,3507456,73943000
2021,3512209,859274000
2021,3525508,261558000
2021,3525854,214000000
2021,3526506,184896000
2021,3527405,584271000
2021,3528908,76482000
2021,3534757,548740000
2021,3541802,684733000
2021,3544202,268963000
2021,3554003,5076193000
2021,3502754,4814504000
2021,3509205,22713160000
2021,3510104,107108000
2021,3518859,245363000
2021,3519600,1965223000
2021,3520426,1363561000
2021,3522653,52590000
2021,3539400,278467000
2021,3541059,126367000
2021,3545407,273943000
2021,3551207,96558000
2021,3554706,284592000
2021,3556909,425058000
2021,3502705,897713000
2021,3508009,684130000
2021,3512902,506809000
2021,3518404,7877882000
2021,3523602,1273184000
2021,3531100,1254605000
2021,3532009,633324000
2021,3533809,128272000
2021,3538006,13742498000
2021,3542909,371778000
2021,3543501,92796000
2021,3544707,54769000
2021,3548302,47273000
2021,3508900,69806000
2021,3509908,264410000
2021,3516200,11276086000
2021,3517000,215988000
2021,3519402,318126000
2021,3520806,136681000
2021,3540259,98030000
2021,3500402,209004000
2021,3502309,169558000
2021,3502804,9017953000
2021,3503950,39546000
2021,3509403,761749000
2021,3512001,1541673000
2021,3512605,141158000
2021,3514502,252626000
2021,3534609,1087490000
2021,3536901,79887000
2021,3544251,1941772000
2021,3544905,417237000
2021,3547700,555801000
2021,3549003,51168000
2021,3554805,896634000
2021,3555208,56425000
2021,3555406,2705941000
2021,3556354,153401000
2021,3556404,1287339000
2021,3500758,129390000
2021,3501004,833396000
2021,3503802,1721737000
2021,3507100,1463036000
2021,3514809,329349000
2021,3515350,136498000
2021,3522802,305514000
2021,3528700,157011000
2021,3530102,738742000
2021,3530706,6865386000
2021,3536208,586024000
2021,3541901,388523000
2021,3543600,191158000
2021,3543709,226043000
2021,3550407,886336000
2021,3504602,551849000
2021,3513306,137664000
2021,3516853,1184185000
2021,3517109,125314000
2021,3519907,434356000
2021,3521408,2127925000
2021,3524808,1982125000
2021,3529005,9756006000
2021,3540408,117260000
2021,3540903,1096526000
2021,3544301,374786000
2021,3545506,318810000
2021,3555604,401841000
2021,3500550,217296000
2021,3504701,65400000
2021,3506805,281964000
2021,3512407,4107826000
2021,3516705,1725228000
2021,3528403,2695116000
2021,3534401,86111260000
2021,3539202,927781000
2021,3542206,1381836000
2021,3548807,15566768000
2021,3550506,234365000
2021,3551504,1349050000
2021,3551603,845122000
2021,3500303,1314737000
2021,3502200,1474152000
2021,3503604,163060000
2021,3505609,624816000
2021,3506607,971016000
2021,3507209,74195000
2021,3516101,171949000
2021,3516408,4297871000
2021,3522158,53345000
2021,3527702,93809000
2021,3532900,377461000
2021,3533403,4020494000
2021,3534005,205636000
2021,3535200,215050000
2021,3536604,269675000
2021,3548203,148429000
2021,3515202,753257000
2021,3517505,896415000
2021,3522406,3788992000
2021,3525102,1580760000
2021,3528502,2288092000
2021,3529203,754950000
2021,3532843,46305000
2021,3535903,133065000
2021,3545159,377871000
2021,3548609,406647000
2021,3554201,138116000
2021,3509502,72946910000
2021,3510153,164319000
2021,3513702,2081162000
2021,3518503,313681000
2021,3519055,1463401000
2021,3523503,396660000
2021,3524907,352904000
2021,3529302,5356571000
2021,3531308,2435240000
2021,3531605,128088000
2021,3539905,154423000
2021,3540606,3754666000
2021,3546405,2786906000
2021,3553807,988152000
2021,3556503,3965839000
2021,3502507,1041067000
2021,3505104,109125000
2021,3513405,3182373000
2021,3530508,3043692000
2021,3532108,88027000
2021,3535507,1801748000
2021,3539004,364798000
2021,3547205,39913000
2021,3548104,222833000
2021,3549102,4135190000
2021,3552700,340423000
2021,3501202,124351000
2021,3510203,1269097000
2021,3513108,1753137000
2021,3515103,1456125000
2021,3516903,275099000
2021,3520202,240165000
2021,3522000,232256000
2021,3523909,10540813000
2021,3527504,70465000
2021,3528106,196952000
2021,3536307,1360809000
2021,3543204,224363000
2021,3547502,825835000
2021,3554656,37757000
2021,3510609,6854706000
2021,3517307,442962000
2021,3520608,86968000
2021,3521705,1016119000
2021,3530409,213295000
2021,3535002,420420000
2021,3538303,67093000
2021,3542008,276284000
2021,3551900,271912000
2021,3555109,340357000
2021,3503109,194818000
2021,3503307,6942567000
2021,3507407,518182000
2021,3514007,138927000
2021,3519105,658010000
2021,3522901,1003729000
2021,3526902,16060739000
2021,3537107,1502008000
2021,3539707,120019000
2021,3547106,69068000
2021,3556453,2898203000
2021,3500808,120355000
2021,3513801,18484356000
2021,3519808,209289000
2021,3521101,947912000
2021,3523800,198366000
2021,3537701,119025000
2021,3540002,1951861000
2021,3542800,62081000
2021,3550704,16008645000
2021,3555703,57595000
2021,3501608,15217280000
2021,3511508,2343906000
2021,3513850,69827000
2021,3521507,186223000
2021,3521804,924897000
2021,3525201,2997400000
2021,3529807,226257000
2021,3539806,3769347000
2021,3541406,9242189000
2021,3549706,2375167000
2021,3554953,181790000
2021,3555307,73692000
2021,3511102,5218361000
2021,3515905,81886000
2021,3518909,93585000
2021,3519006,355955000
2021,3539301,3312332000
2021,3541109,77333000
2021,3542305,66825000
2021,3545209,9303487000
2021,3546256,63457000
2021,3551405,195523000
2021,3556602,240193000
2021,3503208,11953237000
2021,3503356,62096000
2021,3513009,16114165000
2021,3515004,14314754000
2021,3515657,80954000
2021,3515707,4740673000
2021,3516309,1872467000
2021,3516804,85828000
2021,3518305,1546741000
2021,3525300,5582395000
2021,3535804,945145000
2021,3536257,53620000
2021,3541000,8727831000
2021,3541505,823130000
2021,3553302,700419000
2021,3501509,58405000
2021,3504305,376094000
2021,3514924,76051000
2021,3516507,93705000
2021,3519204,316795000
2021,3522109,2369275000
2021,3522505,12854995000
2021,3524006,8423279000
2021,3529500,374785000
2021,3529708,1016137000
2021,3531704,83030000
2021,3534500,112882000
2021,3537800,1597083000
2021,3552304,226784000
2021,3506409,292577000
2021,3509106,96255000
2021,3509957,130060000
2021,3517802,326572000
2021,3527801,98337000
2021,3535101,136419000
2021,3542503,184875000
2021,3547908,211522000
2021,3502101,2845285000
2021,3505807,1067217000
2021,3508603,673632000
2021,3511003,1388287000
2021,3518206,1199678000
2021,3519303,1159253000
2021,3529401,20776213000
2021,3534807,134986000
2021,3544806,169480000
2021,3549508,231517000
2021,3555000,2213337000
2021,3500204,115490000
2021,3503158,45568000
2021,3504008,4082516000
2021,3507001,3393229000
2021,3508702,574395000
2021,3509254,1755226000
2021,3510401,2990810000
2021,3514700,152432000
2021,3527108,6763890000
2021,3532405,465371000
2021,3540101,94399000
2021,3544400,78950000
2021,3546504,104373000
2021,3546900,131128000
2021,3552551,341981000
2021,3553203,139651000
2021,3556107,437546000
2021,3504107,8361032000
2021,3513504,21946472000
2021,3514106,835299000
2021,3521309,442715000
2021,3522703,1630820000
2021,3523701,161835000
2021,3528304,104128000
2021,3531902,1225918000
2021,3532603,367777000
2021,3532827,221079000
2021,3537305,2082458000
2021,3543303,3891003000
2021,3545100,96895000
2021,3552502,14811514000
2021,3500709,2638623000
2021,3503901,8293370000
2021,3508801,682544000
2021,3515152,661053000
2021,3517208,232241000
2021,3518701,10494252000
2021,3519709,2370586000
2021,3528809,517398000
2021,3532157,142301000
2021,3532801,325933000
2021,3536109,368271000
2021,3540309,126663000
2021,3544004,1787681000
2021,3556305,1236297000
2021,3500600,147855000
2021,3520905,499099000
2021,3521903,935220000
2021,3531803,4317764000
2021,3532868,60665000
2021,3536703,3066261000
2021,3542404,983725000
2021,3501301,709876000
2021,3501400,58586000
2021,3501806,126802000
2021,3503505,58113000
2021,3507902,1123987000
2021,3509007,4858858000
2021,3510500,4532236000
2021,3516606,172719000
2021,3524303,3601183000
2021,3528205,90931000
2021,3533700,141366000
2021,3550605,3450779000
2021,3553500,185138000
2021,3554409,174935000
2021,3556701,12557909000
2021,3501905,5152156000
2021,3504404,199389000
2021,3507308,519153000
2021,3507506,5979359000
2021,3514403,1444978000
2021,3519501,244614000
2021,3521606,109595000
2021,3532058,120696000
2021,3536802,118076000
2021,3541653,144523000
2021,3542107,442882000
2021,3544103,960727000
2021,3545308,2221477000
2021,3545704,214791000
2021,3546603,1344881000
2021,3547304,11544903000
2021,3550209,954225000
2021,3552908,186412000
2021,3500105,1370866000
2021,3503000,150277000
2021,3504206,358544000
2021,3505401,125821000
2021,3506706,380753000
2021,3509601,2530950000
2021,3509700,1449808000
2021,3509809,194705000
2021,3511201,152902000
2021,3519071,18377822000
2021,3524204,153278000
2021,3526100,366459000
2021,3526803,4924228000
2021,3527900,101173000
2021,3533908,2551145000
2021,3535606,352398000
2021,3536000,741786000
2021,3536406,200145000
2021,3538204,314651000
2021,3539608,193762000
2021,3546207,161651000
2021,3555802,286014000
2021,3557154,130189000
2021,3501103,113585000
2021,3502606,151540000
2021,3506201,210460000
2021,3508405,5961333000
2021,3515194,91772000
2021,3525904,57670893000
2021,3530300,2660334000
2021,3533106,36775000
2021,3534104,129763000
2021,3536570,48637000
2021,3541208,331914000
2021,3551108,203911000
2021,3554508,2158402000
2021,3505500,5903516000
2021,3508306,102882000
2021,3511607,740569000
2021,3512803,2109640000
2021,3518602,1135134000
2021,3518800,77376425000
2021,3525607,148675000
2021,3528007,643783000
2021,3537404,1087485000
2021,3538501,197854000
2021,3546306,655974000
2021,3547601,833444000
2021,3548708,58277014000
2021,3554300,627028000
2021,3503703,1136911000
2021,3506359,2067677000
2021,3515509,2468766000
2021,3520103,1299637000
2021,3520301,1588620000
2021,3534708,3961571000
2021,3537206,178609000
2021,3540804,620169000
2021,3545001,251752000
2021,3547809,32620295000
2021,3549904,45208808000
2021,3552205,44533398000
2021,3553708,1660014000
2021,3505005,74956000
2021,3526209,573997000
2021,3526605,133317000
2021,3527207,3876663000
2021,3533601,868092000
2021,3537909,1276180000
2021,3543238,47001000
2021,3545803,7825507000
2021,3547650,42106000
2021,3549409,2191086000
2021,3549953,285412000
2021,3550803,428492000
2021,3557204,266345000
2021,3515608,205594000
2021,3537156,176652000
2021,3538709,34555724000
2021,3546108,96783000
2021,3555356,212639000
2021,3557303,389432000
2021,3505906,2416803000
2021,3506003,16721368000
2021,3507753,75675000
2021,3518008,37040000
2021,3520509,22817117000
2021,3524709,13981302000
2021,3525706,1381751000
2021,3529104,40067000
2021,3537602,1966247000
2021,3543808,349026000
2021,3544608,175476000
2021,3545605,382546000
2021,3549805,20962615000
2021,3552007,92559000
2021,3553906,168350000
2021,3517901,375453000
2021,3523404,8245498000
2021,3531506,639162000
2021,3533254,78660000
2021,3533502,1585955000
2021,3538808,926203000
2021,3556958,45179000
2021,3557006,3919236000
2021,3504909,216018000
2021,3505203,1623406000
2021,3506904,212434000
2021,3507605,7954300000
2021,3517604,439112000
2021,3517703,618205000
2021,3522307,6359723000
2021,3527009,246179000
2021,3527256,43489000
2021,3529906,456953000
2021,3530805,6313564000
2021,3542701,211752000
2021,3543105,319058000
2021,3551801,379170000
2021,3555901,46392000
2021,3556206,7969200000
2021,3505708,58027667000
2021,3506102,4080485000
2021,3510807,1179142000
2021,3514205,58947000
2021,3514957,57200000
2021,3524105,1907193000
2021,3524501,676808000
2021,3527603,1556607000
2021,3531001,58262000
2021,3531209,252218000
2021,3533205,213155000
2021,3534906,217695000
2021,3535408,317826000
2021,3538600,661696000
2021,3547007,153024000
2021,3548906,14141854000
2021,3549201,52612000
2021,3553104,109907000
